<?xml version="1.0" ?>
<movie version="10" width="400" height="300" framerate="20" as3="1">
  <FileAttributes hasMetaData="0" allowABC="1" suppressCrossDomainCaching="0" sfwRelativeURLs="0" useNetwork="0"/>
  <background color="#FFFFFF"/>
  <frame>
    <library>
      <binary id="_compile_" name="_compile_" import="compile.zip"/>
      <bitmap id="DispDarkData0" name="DispDarkData0" import="dark_0.png"/>
      <bitmap id="DispLightData0" name="DispLightData0" import="light_0.png"/>
      <bitmap id="DispMapData0" name="DispMapData0" import="mapper_0.png"/>
      <bitmap id="DispSelData0" name="DispSelData0" import="mapper2_0.png"/>
      <bitmap id="DispTransparentData0" name="DispTransparentData0" import="neutral_0.png"/>
      <bitmap id="DispDarkData1" name="DispDarkData1" import="dark_1.png"/>
      <bitmap id="DispLightData1" name="DispLightData1" import="light_1.png"/>
      <bitmap id="DispMapData1" name="DispMapData1" import="mapper_1.png"/>
      <bitmap id="DispSelData1" name="DispSelData1" import="mapper2_1.png"/>
      <bitmap id="DispTransparentData1" name="DispTransparentData1" import="neutral_1.png"/>
      <bitmap id="DispDarkData2" name="DispDarkData2" import="dark_2.png"/>
      <bitmap id="DispLightData2" name="DispLightData2" import="light_2.png"/>
      <bitmap id="DispMapData2" name="DispMapData2" import="mapper_2.png"/>
      <bitmap id="DispSelData2" name="DispSelData2" import="mapper2_2.png"/>
      <bitmap id="DispTransparentData2" name="DispTransparentData2" import="neutral_2.png"/>
      <bitmap id="DispDarkData3" name="DispDarkData3" import="dark_3.png"/>
      <bitmap id="DispLightData3" name="DispLightData3" import="light_3.png"/>
      <bitmap id="DispMapData3" name="DispMapData3" import="mapper_3.png"/>
      <bitmap id="DispSelData3" name="DispSelData3" import="mapper2_3.png"/>
      <bitmap id="DispTransparentData3" name="DispTransparentData3" import="neutral_3.png"/>
      <bitmap id="DispDarkData4" name="DispDarkData4" import="dark_4.png"/>
      <bitmap id="DispLightData4" name="DispLightData4" import="light_4.png"/>
      <bitmap id="DispMapData4" name="DispMapData4" import="mapper_4.png"/>
      <bitmap id="DispSelData4" name="DispSelData4" import="mapper2_4.png"/>
      <bitmap id="DispTransparentData4" name="DispTransparentData4" import="neutral_4.png"/>
      <bitmap id="DispDarkData5" name="DispDarkData5" import="dark_5.png"/>
      <bitmap id="DispLightData5" name="DispLightData5" import="light_5.png"/>
      <bitmap id="DispMapData5" name="DispMapData5" import="mapper_5.png"/>
      <bitmap id="DispSelData5" name="DispSelData5" import="mapper2_5.png"/>
      <bitmap id="DispTransparentData5" name="DispTransparentData5" import="neutral_5.png"/>
      <bitmap id="DispDarkData6" name="DispDarkData6" import="dark_6.png"/>
      <bitmap id="DispLightData6" name="DispLightData6" import="light_6.png"/>
      <bitmap id="DispMapData6" name="DispMapData6" import="mapper_6.png"/>
      <bitmap id="DispSelData6" name="DispSelData6" import="mapper2_6.png"/>
      <bitmap id="DispTransparentData6" name="DispTransparentData6" import="neutral_6.png"/>
      <bitmap id="DispDarkData7" name="DispDarkData7" import="dark_7.png"/>
      <bitmap id="DispLightData7" name="DispLightData7" import="light_7.png"/>
      <bitmap id="DispMapData7" name="DispMapData7" import="mapper_7.png"/>
      <bitmap id="DispSelData7" name="DispSelData7" import="mapper2_7.png"/>
      <bitmap id="DispTransparentData7" name="DispTransparentData7" import="neutral_7.png"/>
      <bitmap id="DispDarkData8" name="DispDarkData8" import="dark_8.png"/>
      <bitmap id="DispLightData8" name="DispLightData8" import="light_8.png"/>
      <bitmap id="DispMapData8" name="DispMapData8" import="mapper_8.png"/>
      <bitmap id="DispSelData8" name="DispSelData8" import="mapper2_8.png"/>
      <bitmap id="DispTransparentData8" name="DispTransparentData8" import="neutral_8.png"/>
      <bitmap id="DispDarkData9" name="DispDarkData9" import="dark_9.png"/>
      <bitmap id="DispLightData9" name="DispLightData9" import="light_9.png"/>
      <bitmap id="DispMapData9" name="DispMapData9" import="mapper_9.png"/>
      <bitmap id="DispSelData9" name="DispSelData9" import="mapper2_9.png"/>
      <bitmap id="DispTransparentData9" name="DispTransparentData9" import="neutral_9.png"/>
      <bitmap id="DispDarkData10" name="DispDarkData10" import="dark_10.png"/>
      <bitmap id="DispLightData10" name="DispLightData10" import="light_10.png"/>
      <bitmap id="DispMapData10" name="DispMapData10" import="mapper_10.png"/>
      <bitmap id="DispSelData10" name="DispSelData10" import="mapper2_10.png"/>
      <bitmap id="DispTransparentData10" name="DispTransparentData10" import="neutral_10.png"/>
      <bitmap id="DispDarkData11" name="DispDarkData11" import="dark_11.png"/>
      <bitmap id="DispLightData11" name="DispLightData11" import="light_11.png"/>
      <bitmap id="DispMapData11" name="DispMapData11" import="mapper_11.png"/>
      <bitmap id="DispSelData11" name="DispSelData11" import="mapper2_11.png"/>
      <bitmap id="DispTransparentData11" name="DispTransparentData11" import="neutral_11.png"/>
      <bitmap id="DispDarkData12" name="DispDarkData12" import="dark_12.png"/>
      <bitmap id="DispLightData12" name="DispLightData12" import="light_12.png"/>
      <bitmap id="DispMapData12" name="DispMapData12" import="mapper_12.png"/>
      <bitmap id="DispSelData12" name="DispSelData12" import="mapper2_12.png"/>
      <bitmap id="DispTransparentData12" name="DispTransparentData12" import="neutral_12.png"/>
      <bitmap id="DispDarkData13" name="DispDarkData13" import="dark_13.png"/>
      <bitmap id="DispLightData13" name="DispLightData13" import="light_13.png"/>
      <bitmap id="DispMapData13" name="DispMapData13" import="mapper_13.png"/>
      <bitmap id="DispSelData13" name="DispSelData13" import="mapper2_13.png"/>
      <bitmap id="DispTransparentData13" name="DispTransparentData13" import="neutral_13.png"/>
      <bitmap id="DispDarkData14" name="DispDarkData14" import="dark_14.png"/>
      <bitmap id="DispLightData14" name="DispLightData14" import="light_14.png"/>
      <bitmap id="DispMapData14" name="DispMapData14" import="mapper_14.png"/>
      <bitmap id="DispSelData14" name="DispSelData14" import="mapper2_14.png"/>
      <bitmap id="DispTransparentData14" name="DispTransparentData14" import="neutral_14.png"/>
      <bitmap id="DispDarkData15" name="DispDarkData15" import="dark_15.png"/>
      <bitmap id="DispLightData15" name="DispLightData15" import="light_15.png"/>
      <bitmap id="DispMapData15" name="DispMapData15" import="mapper_15.png"/>
      <bitmap id="DispSelData15" name="DispSelData15" import="mapper2_15.png"/>
      <bitmap id="DispTransparentData15" name="DispTransparentData15" import="neutral_15.png"/>
      <bitmap id="DispDarkData16" name="DispDarkData16" import="dark_16.png"/>
      <bitmap id="DispLightData16" name="DispLightData16" import="light_16.png"/>
      <bitmap id="DispMapData16" name="DispMapData16" import="mapper_16.png"/>
      <bitmap id="DispSelData16" name="DispSelData16" import="mapper2_16.png"/>
      <bitmap id="DispTransparentData16" name="DispTransparentData16" import="neutral_16.png"/>
      <bitmap id="DispDarkData17" name="DispDarkData17" import="dark_17.png"/>
      <bitmap id="DispLightData17" name="DispLightData17" import="light_17.png"/>
      <bitmap id="DispMapData17" name="DispMapData17" import="mapper_17.png"/>
      <bitmap id="DispSelData17" name="DispSelData17" import="mapper2_17.png"/>
      <bitmap id="DispTransparentData17" name="DispTransparentData17" import="neutral_17.png"/>
      <bitmap id="DispDarkData18" name="DispDarkData18" import="dark_18.png"/>
      <bitmap id="DispLightData18" name="DispLightData18" import="light_18.png"/>
      <bitmap id="DispMapData18" name="DispMapData18" import="mapper_18.png"/>
      <bitmap id="DispSelData18" name="DispSelData18" import="mapper2_18.png"/>
      <bitmap id="DispTransparentData18" name="DispTransparentData18" import="neutral_18.png"/>
      <bitmap id="DispDarkData19" name="DispDarkData19" import="dark_19.png"/>
      <bitmap id="DispLightData19" name="DispLightData19" import="light_19.png"/>
      <bitmap id="DispMapData19" name="DispMapData19" import="mapper_19.png"/>
      <bitmap id="DispSelData19" name="DispSelData19" import="mapper2_19.png"/>
      <bitmap id="DispTransparentData19" name="DispTransparentData19" import="neutral_19.png"/>
      <bitmap id="DispDarkData20" name="DispDarkData20" import="dark_20.png"/>
      <bitmap id="DispLightData20" name="DispLightData20" import="light_20.png"/>
      <bitmap id="DispMapData20" name="DispMapData20" import="mapper_20.png"/>
      <bitmap id="DispSelData20" name="DispSelData20" import="mapper2_20.png"/>
      <bitmap id="DispTransparentData20" name="DispTransparentData20" import="neutral_20.png"/>
      <bitmap id="DispDarkData21" name="DispDarkData21" import="dark_21.png"/>
      <bitmap id="DispLightData21" name="DispLightData21" import="light_21.png"/>
      <bitmap id="DispMapData21" name="DispMapData21" import="mapper_21.png"/>
      <bitmap id="DispSelData21" name="DispSelData21" import="mapper2_21.png"/>
      <bitmap id="DispTransparentData21" name="DispTransparentData21" import="neutral_21.png"/>
      <bitmap id="DispDarkData22" name="DispDarkData22" import="dark_22.png"/>
      <bitmap id="DispLightData22" name="DispLightData22" import="light_22.png"/>
      <bitmap id="DispMapData22" name="DispMapData22" import="mapper_22.png"/>
      <bitmap id="DispSelData22" name="DispSelData22" import="mapper2_22.png"/>
      <bitmap id="DispTransparentData22" name="DispTransparentData22" import="neutral_22.png"/>
      <bitmap id="DispDarkData23" name="DispDarkData23" import="dark_23.png"/>
      <bitmap id="DispLightData23" name="DispLightData23" import="light_23.png"/>
      <bitmap id="DispMapData23" name="DispMapData23" import="mapper_23.png"/>
      <bitmap id="DispSelData23" name="DispSelData23" import="mapper2_23.png"/>
      <bitmap id="DispTransparentData23" name="DispTransparentData23" import="neutral_23.png"/>
      <bitmap id="DispDarkData24" name="DispDarkData24" import="dark_24.png"/>
      <bitmap id="DispLightData24" name="DispLightData24" import="light_24.png"/>
      <bitmap id="DispMapData24" name="DispMapData24" import="mapper_24.png"/>
      <bitmap id="DispSelData24" name="DispSelData24" import="mapper2_24.png"/>
      <bitmap id="DispTransparentData24" name="DispTransparentData24" import="neutral_24.png"/>
      <bitmap id="DispDarkData25" name="DispDarkData25" import="dark_25.png"/>
      <bitmap id="DispLightData25" name="DispLightData25" import="light_25.png"/>
      <bitmap id="DispMapData25" name="DispMapData25" import="mapper_25.png"/>
      <bitmap id="DispSelData25" name="DispSelData25" import="mapper2_25.png"/>
      <bitmap id="DispTransparentData25" name="DispTransparentData25" import="neutral_25.png"/>
      <bitmap id="DispDarkData26" name="DispDarkData26" import="dark_26.png"/>
      <bitmap id="DispLightData26" name="DispLightData26" import="light_26.png"/>
      <bitmap id="DispMapData26" name="DispMapData26" import="mapper_26.png"/>
      <bitmap id="DispSelData26" name="DispSelData26" import="mapper2_26.png"/>
      <bitmap id="DispTransparentData26" name="DispTransparentData26" import="neutral_26.png"/>
      <bitmap id="DispDarkData27" name="DispDarkData27" import="dark_27.png"/>
      <bitmap id="DispLightData27" name="DispLightData27" import="light_27.png"/>
      <bitmap id="DispMapData27" name="DispMapData27" import="mapper_27.png"/>
      <bitmap id="DispSelData27" name="DispSelData27" import="mapper2_27.png"/>
      <bitmap id="DispTransparentData27" name="DispTransparentData27" import="neutral_27.png"/>
      <bitmap id="DispDarkData28" name="DispDarkData28" import="dark_28.png"/>
      <bitmap id="DispLightData28" name="DispLightData28" import="light_28.png"/>
      <bitmap id="DispMapData28" name="DispMapData28" import="mapper_28.png"/>
      <bitmap id="DispSelData28" name="DispSelData28" import="mapper2_28.png"/>
      <bitmap id="DispTransparentData28" name="DispTransparentData28" import="neutral_28.png"/>
      <bitmap id="DispDarkData29" name="DispDarkData29" import="dark_29.png"/>
      <bitmap id="DispLightData29" name="DispLightData29" import="light_29.png"/>
      <bitmap id="DispMapData29" name="DispMapData29" import="mapper_29.png"/>
      <bitmap id="DispSelData29" name="DispSelData29" import="mapper2_29.png"/>
      <bitmap id="DispTransparentData29" name="DispTransparentData29" import="neutral_29.png"/>
      <bitmap id="DispDarkData30" name="DispDarkData30" import="dark_30.png"/>
      <bitmap id="DispLightData30" name="DispLightData30" import="light_30.png"/>
      <bitmap id="DispMapData30" name="DispMapData30" import="mapper_30.png"/>
      <bitmap id="DispSelData30" name="DispSelData30" import="mapper2_30.png"/>
      <bitmap id="DispTransparentData30" name="DispTransparentData30" import="neutral_30.png"/>
      <bitmap id="DispDarkData31" name="DispDarkData31" import="dark_31.png"/>
      <bitmap id="DispLightData31" name="DispLightData31" import="light_31.png"/>
      <bitmap id="DispMapData31" name="DispMapData31" import="mapper_31.png"/>
      <bitmap id="DispSelData31" name="DispSelData31" import="mapper2_31.png"/>
      <bitmap id="DispTransparentData31" name="DispTransparentData31" import="neutral_31.png"/>
      <bitmap id="DispDarkData32" name="DispDarkData32" import="dark_32.png"/>
      <bitmap id="DispLightData32" name="DispLightData32" import="light_32.png"/>
      <bitmap id="DispMapData32" name="DispMapData32" import="mapper_32.png"/>
      <bitmap id="DispSelData32" name="DispSelData32" import="mapper2_32.png"/>
      <bitmap id="DispTransparentData32" name="DispTransparentData32" import="neutral_32.png"/>
      <bitmap id="DispDarkData33" name="DispDarkData33" import="dark_33.png"/>
      <bitmap id="DispLightData33" name="DispLightData33" import="light_33.png"/>
      <bitmap id="DispMapData33" name="DispMapData33" import="mapper_33.png"/>
      <bitmap id="DispSelData33" name="DispSelData33" import="mapper2_33.png"/>
      <bitmap id="DispTransparentData33" name="DispTransparentData33" import="neutral_33.png"/>
      <bitmap id="DispDarkData34" name="DispDarkData34" import="dark_34.png"/>
      <bitmap id="DispLightData34" name="DispLightData34" import="light_34.png"/>
      <bitmap id="DispMapData34" name="DispMapData34" import="mapper_34.png"/>
      <bitmap id="DispSelData34" name="DispSelData34" import="mapper2_34.png"/>
      <bitmap id="DispTransparentData34" name="DispTransparentData34" import="neutral_34.png"/>
      <bitmap id="DispDarkData35" name="DispDarkData35" import="dark_35.png"/>
      <bitmap id="DispLightData35" name="DispLightData35" import="light_35.png"/>
      <bitmap id="DispMapData35" name="DispMapData35" import="mapper_35.png"/>
      <bitmap id="DispSelData35" name="DispSelData35" import="mapper2_35.png"/>
      <bitmap id="DispTransparentData35" name="DispTransparentData35" import="neutral_35.png"/>
      <bitmap id="DispDarkData36" name="DispDarkData36" import="dark_36.png"/>
      <bitmap id="DispLightData36" name="DispLightData36" import="light_36.png"/>
      <bitmap id="DispMapData36" name="DispMapData36" import="mapper_36.png"/>
      <bitmap id="DispSelData36" name="DispSelData36" import="mapper2_36.png"/>
      <bitmap id="DispTransparentData36" name="DispTransparentData36" import="neutral_36.png"/>
      <bitmap id="DispDarkData37" name="DispDarkData37" import="dark_37.png"/>
      <bitmap id="DispLightData37" name="DispLightData37" import="light_37.png"/>
      <bitmap id="DispMapData37" name="DispMapData37" import="mapper_37.png"/>
      <bitmap id="DispSelData37" name="DispSelData37" import="mapper2_37.png"/>
      <bitmap id="DispTransparentData37" name="DispTransparentData37" import="neutral_37.png"/>
      <bitmap id="DispDarkData38" name="DispDarkData38" import="dark_38.png"/>
      <bitmap id="DispLightData38" name="DispLightData38" import="light_38.png"/>
      <bitmap id="DispMapData38" name="DispMapData38" import="mapper_38.png"/>
      <bitmap id="DispSelData38" name="DispSelData38" import="mapper2_38.png"/>
      <bitmap id="DispTransparentData38" name="DispTransparentData38" import="neutral_38.png"/>
      <bitmap id="DispDarkData39" name="DispDarkData39" import="dark_39.png"/>
      <bitmap id="DispLightData39" name="DispLightData39" import="light_39.png"/>
      <bitmap id="DispMapData39" name="DispMapData39" import="mapper_39.png"/>
      <bitmap id="DispSelData39" name="DispSelData39" import="mapper2_39.png"/>
      <bitmap id="DispTransparentData39" name="DispTransparentData39" import="neutral_39.png"/>
      <bitmap id="DispDarkData40" name="DispDarkData40" import="dark_40.png"/>
      <bitmap id="DispLightData40" name="DispLightData40" import="light_40.png"/>
      <bitmap id="DispMapData40" name="DispMapData40" import="mapper_40.png"/>
      <bitmap id="DispSelData40" name="DispSelData40" import="mapper2_40.png"/>
      <bitmap id="DispTransparentData40" name="DispTransparentData40" import="neutral_40.png"/>
      <bitmap id="DispDarkData41" name="DispDarkData41" import="dark_41.png"/>
      <bitmap id="DispLightData41" name="DispLightData41" import="light_41.png"/>
      <bitmap id="DispMapData41" name="DispMapData41" import="mapper_41.png"/>
      <bitmap id="DispSelData41" name="DispSelData41" import="mapper2_41.png"/>
      <bitmap id="DispTransparentData41" name="DispTransparentData41" import="neutral_41.png"/>
      <bitmap id="DispDarkData42" name="DispDarkData42" import="dark_42.png"/>
      <bitmap id="DispLightData42" name="DispLightData42" import="light_42.png"/>
      <bitmap id="DispMapData42" name="DispMapData42" import="mapper_42.png"/>
      <bitmap id="DispSelData42" name="DispSelData42" import="mapper2_42.png"/>
      <bitmap id="DispTransparentData42" name="DispTransparentData42" import="neutral_42.png"/>
      <bitmap id="DispDarkData43" name="DispDarkData43" import="dark_43.png"/>
      <bitmap id="DispLightData43" name="DispLightData43" import="light_43.png"/>
      <bitmap id="DispMapData43" name="DispMapData43" import="mapper_43.png"/>
      <bitmap id="DispSelData43" name="DispSelData43" import="mapper2_43.png"/>
      <bitmap id="DispTransparentData43" name="DispTransparentData43" import="neutral_43.png"/>
      <bitmap id="DispDarkData44" name="DispDarkData44" import="dark_44.png"/>
      <bitmap id="DispLightData44" name="DispLightData44" import="light_44.png"/>
      <bitmap id="DispMapData44" name="DispMapData44" import="mapper_44.png"/>
      <bitmap id="DispSelData44" name="DispSelData44" import="mapper2_44.png"/>
      <bitmap id="DispTransparentData44" name="DispTransparentData44" import="neutral_44.png"/>
      <bitmap id="DispDarkData45" name="DispDarkData45" import="dark_45.png"/>
      <bitmap id="DispLightData45" name="DispLightData45" import="light_45.png"/>
      <bitmap id="DispMapData45" name="DispMapData45" import="mapper_45.png"/>
      <bitmap id="DispSelData45" name="DispSelData45" import="mapper2_45.png"/>
      <bitmap id="DispTransparentData45" name="DispTransparentData45" import="neutral_45.png"/>
      <bitmap id="DispDarkData46" name="DispDarkData46" import="dark_46.png"/>
      <bitmap id="DispLightData46" name="DispLightData46" import="light_46.png"/>
      <bitmap id="DispMapData46" name="DispMapData46" import="mapper_46.png"/>
      <bitmap id="DispSelData46" name="DispSelData46" import="mapper2_46.png"/>
      <bitmap id="DispTransparentData46" name="DispTransparentData46" import="neutral_46.png"/>
      <bitmap id="DispDarkData47" name="DispDarkData47" import="dark_47.png"/>
      <bitmap id="DispLightData47" name="DispLightData47" import="light_47.png"/>
      <bitmap id="DispMapData47" name="DispMapData47" import="mapper_47.png"/>
      <bitmap id="DispSelData47" name="DispSelData47" import="mapper2_47.png"/>
      <bitmap id="DispTransparentData47" name="DispTransparentData47" import="neutral_47.png"/>
      <bitmap id="DispDarkData48" name="DispDarkData48" import="dark_48.png"/>
      <bitmap id="DispLightData48" name="DispLightData48" import="light_48.png"/>
      <bitmap id="DispMapData48" name="DispMapData48" import="mapper_48.png"/>
      <bitmap id="DispSelData48" name="DispSelData48" import="mapper2_48.png"/>
      <bitmap id="DispTransparentData48" name="DispTransparentData48" import="neutral_48.png"/>
      <bitmap id="DispDarkData49" name="DispDarkData49" import="dark_49.png"/>
      <bitmap id="DispLightData49" name="DispLightData49" import="light_49.png"/>
      <bitmap id="DispMapData49" name="DispMapData49" import="mapper_49.png"/>
      <bitmap id="DispSelData49" name="DispSelData49" import="mapper2_49.png"/>
      <bitmap id="DispTransparentData49" name="DispTransparentData49" import="neutral_49.png"/>
      <binary id="_compile_" name="_compile_" import="compile.zip"/>
    </library>
  </frame>
</movie>
